"course_id","price","is_paid"
"1070968","200","True"
"1113822","75","True"
"1006314","45","True"
"1210588","95","True"
"1011058","200","True"
"192870","150","True"
"739964","65","True"
"403100","95","True"
"476268","195","True"
"1167710","200","True"
"592338","200","True"
"975046","200","True"
"742602","30","True"
"794151","195","True"
"1196544","200","True"
"504036","75","True"
"719698","20","True"
"564966","200","True"
"606928","50","True"
"58977","95","True"
"1242604","200","True"
"798740","200","True"
"506568","75","True"
"1020760","50","True"
"859742","45","True"
"383414","150","True"
"353044","200","True"
"447362","175","True"
"831066","150","True"
"1266306","140","True"
"1170894","95","True"
"948974","200","True"
"380970","45","True"
"1217778","200","True"
"1246208","200","True"
"434774","195","True"
"308690","195","True"
"888716","200","True"
"321410","195","True"
"965832","195","True"
"648826","195","True"
"1035472","195","True"
"1154754","195","True"
"627540","115","True"
"301442","200","True"
"640100","150","True"
"1247394","95","True"
"260470","200","True"
"1214702","190","True"
"848664","150","True"
"1142570","200","True"
"325834","95","True"
"411168","125","True"
"885974","30","True"
"1151092","200","True"
"358326","60","True"
"153210","200","True"
"834836","145","True"
"1171994","20","True"
"1239068","200","True"
"985922","105","True"
"765562","60","True"
"165964","155","True"
"855172","200","True"
"258232","185","True"
"994754","150","True"
"43319","180","True"
"408440","125","True"
"918688","200","True"
"308694","185","True"
"199450","125","True"
"401784","95","True"
"1122792","200","True"
"709500","20","True"
"285638","60","True"
"1135126","200","True"
"834558","200","True"
"551968","120","True"
"1005658","150","True"
"746432","25","True"
"1057242","200","True"
"284118","160","True"
"302562","20","True"
"596598","95","True"
"860890","50","True"
"951050","200","True"
"796450","20","True"
"502772","200","True"
"1102462","195","True"
"1062092","200","True"
"891484","20","True"
"1217064","20","True"
"382204","95","True"
"308696","150","True"
"474928","40","True"
"1148774","0","False"
"959144","20","True"
"1233350","100","True"
"572744","75","True"
"724062","20","True"
"474212","40","True"
"771276","20","True"
"388164","25","True"
"133536","0","False"
"655300","50","True"
"949504","200","True"
"265960","0","False"
"680044","195","True"
"923616","0","False"
"741898","20","True"
"381330","150","True"
"545918","95","True"
"191854","0","False"
"471546","20","True"
"866584","150","True"
"889824","20","True"
"1191504","25","True"
"585752","150","True"
"671578","50","True"
"151668","0","False"
"1105344","50","True"
"44836","180","True"
"840300","50","True"
"1100054","100","True"
"421054","25","True"
"528784","200","True"
"637430","20","True"
"236080","90","True"
"777444","0","False"
"474238","20","True"
"1245244","35","True"
"1051570","50","True"
"262370","100","True"
"1188178","50","True"
"824592","20","True"
"1147458","200","True"
"1243448","200","True"
"730414","60","True"
"252396","150","True"
"1198166","20","True"
"920604","105","True"
"215728","20","True"
"722174","150","True"
"48841","0","False"
"907444","100","True"
"317030","60","True"
"891490","200","True"
"1070886","200","True"
"812616","20","True"
"407984","30","True"
"214046","95","True"
"512400","95","True"
"377370","60","True"
"1175694","20","True"
"945750","20","True"
"1085580","200","True"
"1188410","125","True"
"402836","200","True"
"588764","200","True"
"576946","35","True"
"543242","200","True"
"502240","200","True"
"598266","120","True"
"814068","195","True"
"1076920","125","True"
"1103272","200","True"
"441112","25","True"
"1022108","200","True"
"1028030","20","True"
"1018380","195","True"
"575676","20","True"
"1105216","50","True"
"936328","200","True"
"43441","120","True"
"1103718","200","True"
"584410","200","True"
"625568","45","True"
"297742","50","True"
"24877","80","True"
"1188742","0","False"
"597716","200","True"
"415802","20","True"
"323950","50","True"
"488818","200","True"
"610890","120","True"
"638980","145","True"
"599684","195","True"
"332848","200","True"
"354324","45","True"
"379682","20","True"
"319020","200","True"
"713258","75","True"
"537884","20","True"
"919906","0","False"
"46010","20","True"
"777932","20","True"
"773934","150","True"
"221306","20","True"
"830994","200","True"
"723510","45","True"
"42643","60","True"
"411778","20","True"
"366514","20","True"
"471588","50","True"
"390096","50","True"
"607876","50","True"
"249950","0","False"
"792216","50","True"
"45139","60","True"
"692176","0","False"
"1224262","60","True"
"598094","40","True"
"40039","45","True"
"1266148","0","False"
"791422","200","True"
"352150","95","True"
"791436","20","True"
"537878","50","True"
"923184","200","True"
"476256","95","True"
"552504","40","True"
"537888","20","True"
"385686","20","True"
"738900","200","True"
"57415","20","True"
"155344","20","True"
"42491","60","True"
"511952","75","True"
"530246","20","True"
"862786","20","True"
"165122","20","True"
"530768","200","True"
"218416","20","True"
"619296","20","True"
"717278","20","True"
"445916","30","True"
"267984","95","True"
"180362","50","True"
"364810","65","True"
"692722","95","True"
"298558","50","True"
"480752","95","True"
"637922","50","True"
"337320","105","True"
"876646","120","True"
"529424","40","True"
"720814","35","True"
"515326","20","True"
"1218552","0","False"
"851106","0","False"
"429308","50","True"
"302450","20","True"
"1117834","200","True"
"190816","0","False"
"244000","125","True"
"429482","35","True"
"831940","20","True"
"833770","75","True"
"658764","50","True"
"707224","30","True"
"64739","50","True"
"907716","100","True"
"1030976","150","True"
"722682","20","True"
"1122146","200","True"
"808506","95","True"
"673016","200","True"
"358062","95","True"
"372234","30","True"
"822514","25","True"
"1045726","125","True"
"943426","35","True"
"46927","30","True"
"567070","50","True"
"867440","200","True"
"501996","35","True"
"1103590","25","True"
"1172370","50","True"
"673702","20","True"
"821108","20","True"
"863998","20","True"
"822926","20","True"
"666254","125","True"
"421546","0","False"
"518886","20","True"
"868128","20","True"
"986034","60","True"
"42642","60","True"
"471428","0","False"
"600206","50","True"
"283780","0","False"
"52118","0","False"
"42640","60","True"
"767256","60","True"
"843854","115","True"
"247558","25","True"
"696616","120","True"
"205810","0","False"
"507486","150","True"
"965306","0","False"
"1128662","50","True"
"1068986","0","False"
"627706","35","True"
"255280","20","True"
"628944","200","True"
"537886","20","True"
"517938","20","True"
"779678","80","True"
"494330","70","True"
"153926","50","True"
"806122","20","True"
"725658","75","True"
"1032234","90","True"
"996542","40","True"
"756520","30","True"
"768028","200","True"
"73030","20","True"
"476880","75","True"
"773060","25","True"
"552058","20","True"
"509512","20","True"
"497236","50","True"
"471556","20","True"
"403602","20","True"
"326948","25","True"
"537896","20","True"
"797762","50","True"
"674350","200","True"
"439362","200","True"
"42634","60","True"
"494800","180","True"
"1222836","50","True"
"990440","200","True"
"109988","30","True"
"815482","50","True"
"569436","40","True"
"803664","50","True"
"213154","20","True"
"484132","150","True"
"640062","95","True"
"363404","0","False"
"454724","20","True"
"702278","200","True"
"323196","20","True"
"1225686","60","True"
"443584","195","True"
"1034074","0","False"
"1209694","0","False"
"418732","0","False"
"757450","45","True"
"403468","100","True"
"761808","20","True"
"614510","20","True"
"519776","200","True"
"805336","0","False"
"828254","0","False"
"471440","180","True"
"478598","75","True"
"394636","25","True"
"512004","50","True"
"1194426","0","False"
"538540","95","True"
"406922","40","True"
"743914","100","True"
"419308","145","True"
"542028","30","True"
"482534","50","True"
"716136","20","True"
"737514","20","True"
"471446","20","True"
"920424","95","True"
"49886","90","True"
"292462","20","True"
"211874","75","True"
"754028","0","False"
"546924","50","True"
"105972","20","True"
"556068","145","True"
"1053272","100","True"
"1273896","60","True"
"317572","45","True"
"738910","200","True"
"1015274","200","True"
"934574","150","True"
"1110470","200","True"
"988804","25","True"
"529718","20","True"
"998872","25","True"
"1023670","125","True"
"571394","50","True"
"637176","20","True"
"677802","20","True"
"1084642","200","True"
"739390","150","True"
"1134864","200","True"
"489146","20","True"
"910650","160","True"
"1079040","200","True"
"109622","30","True"
"881378","20","True"
"474150","40","True"
"1046724","50","True"
"1095116","200","True"
"233900","200","True"
"116128","100","True"
"1249164","50","True"
"877106","20","True"
"65105","50","True"
"889066","200","True"
"28172","50","True"
"257996","30","True"
"811534","20","True"
"95176","20","True"
"880564","25","True"
"613944","45","True"
"1208148","200","True"
"24815","50","True"
"736836","40","True"
"462474","25","True"
"73938","20","True"
"158444","60","True"
"577198","20","True"
"993160","20","True"
"233294","20","True"
"281844","20","True"
"1072156","0","False"
"607362","20","True"
"1069866","40","True"
"25794","30","True"
"387348","30","True"
"475912","35","True"
"332690","20","True"
"830870","0","False"
"199822","0","False"
"56058","30","True"
"587232","200","True"
"398798","50","True"
"130366","190","True"
"530430","95","True"
"615204","35","True"
"441016","30","True"
"598722","195","True"
"1225674","60","True"
"1167536","195","True"
"979616","200","True"
"528488","0","False"
"832832","20","True"
"256094","20","True"
"975074","20","True"
"436488","50","True"
"72644","50","True"
"980408","80","True"
"343886","25","True"
"837322","20","True"
"1157298","20","True"
"1282064","20","True"
"1247992","50","True"
"1251582","50","True"
"1258666","50","True"
"1168172","20","True"
"1233314","50","True"
"1276182","95","True"
"1187084","100","True"
"1084454","40","True"
"885413","40","True"
"178602","50","True"
"601912","55","True"
"831170","0","False"
"327788","20","True"
"324656","95","True"
"1220862","200","True"
"403628","55","True"
"280842","50","True"
"306360","25","True"
"521234","20","True"
"327962","20","True"
"790034","50","True"
"400976","95","True"
"892446","40","True"
"322118","55","True"
"1029062","50","True"
"1048496","50","True"
"501502","20","True"
"74004","20","True"
"226084","0","False"
"968056","125","True"
"1107904","50","True"
"691180","50","True"
"843536","120","True"
"532836","200","True"
"493014","20","True"
"955748","0","False"
"49798","0","False"
"429662","95","True"
"97338","0","False"
"510178","20","True"
"1002282","165","True"
"706670","200","True"
"275294","25","True"
"594936","195","True"
"521342","200","True"
"828740","20","True"
"501960","0","False"
"486240","20","True"
"869652","40","True"
"1095700","95","True"
"169662","195","True"
"1041522","95","True"
"657130","20","True"
"774570","35","True"
"1078520","195","True"
"999262","200","True"
"100526","105","True"
"513046","20","True"
"309854","30","True"
"580068","20","True"
"304410","20","True"
"782256","20","True"
"826912","30","True"
"313512","20","True"
"759262","20","True"
"359926","40","True"
"591724","105","True"
"533458","20","True"
"1064904","100","True"
"484134","20","True"
"1046940","200","True"
"1107954","95","True"
"455452","180","True"
"1263966","100","True"
"658766","150","True"
"927442","50","True"
"972126","200","True"
"1031696","60","True"
"742106","20","True"
"355374","25","True"
"529828","95","True"
"538560","20","True"
"994666","200","True"
"389108","50","True"
"38456","50","True"
"282050","20","True"
"607800","20","True"
"832410","50","True"
"779000","0","False"
"180372","50","True"
"429952","75","True"
"172898","50","True"
"180360","50","True"
"713416","75","True"
"407658","20","True"
"572992","195","True"
"192724","50","True"
"469526","55","True"
"854764","20","True"
"754524","50","True"
"851288","100","True"
"363058","40","True"
"700080","40","True"
"637452","30","True"
"360916","50","True"
"375594","190","True"
"703770","195","True"
"602032","50","True"
"475032","40","True"
"925854","100","True"
"895936","20","True"
"399170","20","True"
"593460","200","True"
"1225564","60","True"
"774174","0","False"
"294292","95","True"
"189160","0","False"
"1000136","20","True"
"1232382","50","True"
"1058530","25","True"
"994118","95","True"
"621014","50","True"
"673750","50","True"
"390510","50","True"
"282044","20","True"
"118836","20","True"
"849632","20","True"
"904240","55","True"
"1165780","20","True"
"304424","20","True"
"1246684","20","True"
"591880","200","True"
"155616","20","True"
"1185936","0","False"
"65802","50","True"
"229360","40","True"
"159388","20","True"
"172298","20","True"
"570996","20","True"
"944594","200","True"
"81064","100","True"
"364034","20","True"
"119276","25","True"
"753610","80","True"
"616564","20","True"
"596026","95","True"
"1264512","70","True"
"499504","20","True"
"903326","25","True"
"412108","40","True"
"865630","20","True"
"1210062","20","True"
"1180960","45","True"
"660846","20","True"
"829206","20","True"
"385604","25","True"
"302468","20","True"
"331600","20","True"
"557436","50","True"
"1162656","20","True"
"389834","200","True"
"304414","20","True"
"55136","20","True"
"619792","150","True"
"505144","20","True"
"688244","195","True"
"642060","20","True"
"114518","0","False"
"1050168","200","True"
"666910","0","False"
"158830","50","True"
"577256","95","True"
"192576","50","True"
"662450","0","False"
"312834","200","True"
"44319","60","True"
"174800","50","True"
"1179546","30","True"
"1239206","200","True"
"1149564","20","True"
"79364","25","True"
"917172","20","True"
"1276364","200","True"
"1237912","145","True"
"531710","30","True"
"1021760","45","True"
"193916","40","True"
"74016","20","True"
"1073430","20","True"
"834606","145","True"
"629060","30","True"
"698278","50","True"
"975414","200","True"
"112296","95","True"
"536166","45","True"
"718338","45","True"
"996612","95","True"
"941120","95","True"
"498488","200","True"
"364566","180","True"
"600316","50","True"
"1136912","100","True"
"239416","40","True"
"722274","50","True"
"201942","20","True"
"355798","50","True"
"702800","50","True"
"425126","20","True"
"1013838","20","True"
"867682","0","False"
"239268","40","True"
"361286","30","True"
"1036456","60","True"
"617976","200","True"
"196620","0","False"
"667332","130","True"
"639126","35","True"
"53211","95","True"
"212952","20","True"
"1151398","90","True"
"1016420","50","True"
"1178820","35","True"
"881778","20","True"
"173462","145","True"
"648174","40","True"
"517466","150","True"
"304422","20","True"
"177214","20","True"
"73898","20","True"
"671548","20","True"
"504620","20","True"
"98706","35","True"
"364428","180","True"
"560472","50","True"
"682986","40","True"
"270844","0","False"
"507600","20","True"
"363078","125","True"
"933394","20","True"
"1090408","0","False"
"707688","50","True"
"544176","75","True"
"392478","95","True"
"613422","50","True"
"316750","95","True"
"884658","80","True"
"735550","195","True"
"770486","25","True"
"543212","200","True"
"804298","50","True"
"707054","20","True"
"964828","95","True"
"298522","40","True"
"1196728","50","True"
"255170","20","True"
"40670","50","True"
"737832","25","True"
"240256","25","True"
"931626","30","True"
"663022","200","True"
"1196816","50","True"
"202290","20","True"
"690546","20","True"
"560218","40","True"
"253810","0","False"
"420926","50","True"
"382824","30","True"
"73046","50","True"
"73860","50","True"
"191588","0","False"
"665866","50","True"
"73068","0","False"
"252950","30","True"
"760990","35","True"
"874312","25","True"
"373716","20","True"
"1275790","60","True"
"836926","50","True"
"1131122","20","True"
"595258","20","True"
"1269590","40","True"
"611420","20","True"
"941990","45","True"
"1119920","100","True"
"256200","50","True"
"207166","90","True"
"390472","0","False"
"575476","100","True"
"460652","20","True"
"157336","20","True"
"65110","50","True"
"987682","0","False"
"835212","40","True"
"882276","20","True"
"971110","200","True"
"414744","40","True"
"537286","30","True"
"1123226","195","True"
"1170626","95","True"
"1016996","0","False"
"1046992","0","False"
"929526","20","True"
"631276","50","True"
"86558","20","True"
"615600","20","True"
"799434","50","True"
"1088656","50","True"
"674354","200","True"
"1187758","0","False"
"548764","50","True"
"410576","40","True"
"501384","20","True"
"59725","20","True"
"47504","0","False"
"1257502","20","True"
"304426","20","True"
"581598","95","True"
"328842","40","True"
"541824","50","True"
"103144","85","True"
"937150","0","False"
"1215926","20","True"
"1035638","25","True"
"1249146","50","True"
"1233894","50","True"
"975910","20","True"
"1221942","35","True"
"1169196","20","True"
"1271182","100","True"
"1233302","50","True"
"1231958","75","True"
"837322","20","True"
"1157298","20","True"
"42645","60","True"
"355622","200","True"
"514036","145","True"
"45136","60","True"
"371574","20","True"
"915964","50","True"
"1209556","200","True"
"412856","200","True"
"42651","60","True"
"294914","20","True"
"219306","20","True"
"652768","140","True"
"42197","120","True"
"936298","200","True"
"885443","50","True"
"585208","170","True"
"386922","50","True"
"1023650","200","True"
"676764","150","True"
"696342","150","True"
"41145","60","True"
"145220","20","True"
"868686","50","True"
"745110","20","True"
"745832","200","True"
"43778","20","True"
"19653","20","True"
"1013190","100","True"
"824034","45","True"
"370440","50","True"
"312860","0","False"
"168358","50","True"
"721746","50","True"
"885342","0","False"
"811416","50","True"
"35131","25","True"
"570844","150","True"
"189996","0","False"
"716828","0","False"
"702138","25","True"
"130298","50","True"
"709536","0","False"
"706942","0","False"
"297762","50","True"
"614472","0","False"
"463834","20","True"
"934614","0","False"
"430968","25","True"
"305368","20","True"
"179446","50","True"
"443502","25","True"
"414246","0","False"
"571506","125","True"
"1101382","200","True"
"638966","120","True"
"757508","20","True"
"180384","50","True"
"812798","195","True"
"364206","20","True"
"742142","60","True"
"895030","20","True"
"516168","50","True"
"612528","20","True"
"597084","50","True"
"544556","95","True"
"953490","150","True"
"221872","20","True"
"662318","20","True"
"73044","50","True"
"714188","20","True"
"548044","50","True"
"498360","50","True"
"425338","40","True"
"164102","30","True"
"902888","50","True"
"245822","0","False"
"729128","35","True"
"773650","0","False"
"466632","20","True"
"466774","20","True"
"442114","30","True"
"781954","150","True"
"902150","75","True"
"1169188","50","True"
"1201912","100","True"
"167316","20","True"
"1028656","0","False"
"645890","90","True"
"559328","20","True"
"1225194","0","False"
"734280","25","True"
"1164568","20","True"
"43291","50","True"
"1034560","60","True"
"871682","20","True"
"1057040","90","True"
"1032648","20","True"
"1087466","20","True"
"1058852","50","True"
"1083744","200","True"
"1271430","100","True"
"715476","160","True"
"1219820","20","True"
"627332","20","True"
"1136038","25","True"
"1035638","25","True"
"1232282","50","True"
"41961","60","True"
"42040","60","True"
"1039442","150","True"
"615602","20","True"
"235112","20","True"
"551910","25","True"
"1051430","200","True"
"828596","30","True"
"258894","50","True"
"138560","20","True"
"689868","200","True"
"1020244","0","False"
"858764","20","True"
"941310","20","True"
"1214144","0","False"
"492344","20","True"
"815672","75","True"
"376712","30","True"
"869716","20","True"
"754156","20","True"
"709816","20","True"
"680046","145","True"
"1138162","200","True"
"829182","30","True"
"1163242","20","True"
"46933","30","True"
"954842","25","True"
"868112","45","True"
"1056242","35","True"
"113712","20","True"
"146454","20","True"
"56926","20","True"
"589778","20","True"
"1113702","20","True"
"1072220","95","True"
"101038","20","True"
"417088","35","True"
"258954","30","True"
"298044","35","True"
"593962","50","True"
"941520","60","True"
"64173","30","True"
"371828","20","True"
"974954","20","True"
"818572","20","True"
"115752","20","True"
"731150","50","True"
"627772","0","False"
"850726","25","True"
"136244","20","True"
"485889","180","True"
"507778","95","True"
"422918","20","True"
"362530","20","True"
"579642","20","True"
"1022796","200","True"
"793084","0","False"
"881062","30","True"
"838260","20","True"
"380542","50","True"
"772480","50","True"
"576906","50","True"
"410196","20","True"
"581662","50","True"
"1088102","20","True"
"788756","95","True"
"380206","100","True"
"160322","20","True"
"610812","20","True"
"288256","20","True"
"662996","0","False"
"101234","45","True"
"1113442","200","True"
"746366","40","True"
"186556","30","True"
"179500","50","True"
"304000","20","True"
"334838","20","True"
"302456","40","True"
"537748","20","True"
"378464","50","True"
"532216","50","True"
"41973","0","False"
"138004","20","True"
"94532","50","True"
"467238","50","True"
"850294","20","True"
"1110256","35","True"
"439210","20","True"
"597164","95","True"
"773502","20","True"
"262818","35","True"
"255046","40","True"
"295909","110","True"
"1153876","20","True"
"83736","20","True"
"75182","95","True"
"236070","135","True"
"788796","50","True"
"508796","30","True"
"739910","70","True"
"725872","200","True"
"894336","20","True"
"334820","40","True"
"619786","195","True"
"179820","50","True"
"322332","50","True"
"597424","115","True"
"1089610","20","True"
"166842","20","True"
"408232","50","True"
"249376","0","False"
"231256","25","True"
"479496","50","True"
"944534","150","True"
"1153854","20","True"
"74028","20","True"
"73962","20","True"
"1156530","200","True"
"1097288","35","True"
"614668","40","True"
"1082352","50","True"
"625670","20","True"
"35409","20","True"
"250902","45","True"
"1010988","25","True"
"855816","20","True"
"813360","50","True"
"813516","50","True"
"302484","35","True"
"861764","30","True"
"765238","170","True"
"542950","20","True"
"307080","20","True"
"469848","30","True"
"581498","30","True"
"849896","20","True"
"1174084","35","True"
"801702","195","True"
"786984","150","True"
"255592","0","False"
"514844","20","True"
"998706","0","False"
"644020","85","True"
"1250742","75","True"
"54246","45","True"
"805630","25","True"
"315716","20","True"
"1124276","80","True"
"1227792","200","True"
"769340","150","True"
"737182","20","True"
"960786","85","True"
"657050","20","True"
"1196700","45","True"
"1137310","25","True"
"632368","30","True"
"571730","200","True"
"720994","115","True"
"1080466","30","True"
"907416","45","True"
"1062144","130","True"
"1097486","140","True"
"396890","30","True"
"945194","20","True"
"598846","140","True"
"950750","20","True"
"740764","85","True"
"739972","20","True"
"464002","20","True"
"343818","25","True"
"434100","40","True"
"158140","20","True"
"1141708","100","True"
"1240408","175","True"
"557208","40","True"
"1178150","20","True"
"93850","25","True"
"429080","20","True"
"914164","195","True"
"876898","200","True"
"877968","20","True"
"1230950","50","True"
"953432","50","True"
"872204","35","True"
"1027678","25","True"
"304420","20","True"
"1078254","30","True"
"1193288","30","True"
"1106148","55","True"
"1029322","200","True"
"676650","20","True"
"129274","30","True"
"634932","125","True"
"116924","25","True"
"1174086","35","True"
"369726","0","False"
"427040","20","True"
"1132162","20","True"
"1206414","85","True"
"997128","25","True"
"826168","0","False"
"1039930","70","True"
"1232390","100","True"
"1084454","40","True"
"1232312","50","True"
"1251654","75","True"
"712994","0","False"
"1024862","0","False"
"123242","0","False"
"788720","0","False"
"196164","0","False"
"1268616","0","False"
"1100746","25","True"
"1005312","20","True"
"624016","195","True"
"323916","45","True"
"743568","65","True"
"479688","20","True"
"1189592","95","True"
"578534","30","True"
"791574","0","False"
"379196","40","True"
"331968","50","True"
"576636","40","True"
"724596","200","True"
"822808","195","True"
"932274","200","True"
"32908","50","True"
"883394","20","True"
"20185","25","True"
"188418","195","True"
"975982","200","True"
"674352","200","True"
"936884","0","False"
"707644","100","True"
"700140","20","True"
"546656","200","True"
"1041926","115","True"
"1253868","200","True"
"645634","200","True"
"528104","50","True"
"1053462","150","True"
"148028","20","True"
"179824","50","True"
"777276","20","True"
"174790","50","True"
"247940","35","True"
"42146","40","True"
"408894","20","True"
"176136","20","True"
"929146","35","True"
"260066","180","True"
"682514","50","True"
"66383","40","True"
"390198","50","True"
"679238","95","True"
"476622","40","True"
"764010","40","True"
"178776","50","True"
"562668","20","True"
"521952","200","True"
"692268","20","True"
"258174","20","True"
"54677","25","True"
"619716","20","True"
"986272","200","True"
"466558","20","True"
"65113","50","True"
"685190","65","True"
"179978","50","True"
"248338","50","True"
"455120","195","True"
"273448","20","True"
"803028","0","False"
"985104","20","True"
"396888","30","True"
"1001010","50","True"
"950748","20","True"
"1250694","20","True"
"932454","40","True"
"400464","100","True"
"1021104","85","True"
"1193056","90","True"
"986024","25","True"
"352782","55","True"
"749468","40","True"
"915206","0","False"
"615206","35","True"
"368916","20","True"
"787508","25","True"
"249934","180","True"
"323828","20","True"
"1223000","50","True"
"772950","20","True"
"900472","20","True"
"796486","25","True"
"871358","50","True"
"931588","20","True"
"880202","150","True"
"1197206","95","True"
"1117796","150","True"
"1219520","20","True"
"595876","200","True"
"1216132","200","True"
"1145736","180","True"
"28556","65","True"
"317278","25","True"
"573064","20","True"
"1120554","200","True"
"1151326","195","True"
"590794","0","False"
"1181578","0","False"
"1261122","0","False"
"749542","200","True"
"874012","150","True"
"1046722","200","True"
"820194","200","True"
"62721","95","True"
"371074","75","True"
"20461","30","True"
"416548","200","True"
"1047436","150","True"
"396204","95","True"
"897238","200","True"
"1067516","150","True"
"1008100","195","True"
"832870","20","True"
"642656","30","True"
"428220","20","True"
"1184664","50","True"
"65596","20","True"
"1018358","25","True"
"16714","20","True"
"657764","50","True"
"231970","150","True"
"981684","30","True"
"669174","25","True"
"185526","20","True"
"1185898","30","True"
"1177156","25","True"
"177614","20","True"
"1128984","20","True"
"185528","20","True"
"872262","20","True"
"1137738","20","True"
"1185535","0","False"
"896742","0","False"
"609642","0","False"
"723818","0","False"
"1085646","185","True"
"1062048","20","True"
"1160004","100","True"
"1087244","50","True"
"1169062","30","True"
"520468","200","True"
"693812","25","True"
"1196852","20","True"
"1149656","20","True"
"385462","20","True"
"1094930","200","True"
"561188","200","True"
"600486","20","True"
"501140","150","True"
"405488","150","True"
"1219326","200","True"
"1029554","45","True"
"1009068","45","True"
"1276020","30","True"
"1202746","80","True"
"1226518","0","False"
"870368","60","True"
"1223336","0","False"
"1257870","0","False"
"519968","190","True"
"656914","20","True"
"787204","95","True"
"380668","200","True"
"412864","75","True"
"463354","45","True"
"636548","120","True"
"513782","20","True"
"19164","95","True"
"637402","25","True"
"901082","0","False"
"608090","30","True"
"1165016","40","True"
"755680","0","False"
"930416","0","False"
"784478","50","True"
"17349","0","False"
"93484","20","True"
"927186","100","True"
"628440","40","True"
"1047508","0","False"
"406504","105","True"
"644914","30","True"
"908324","25","True"
"15611","40","True"
"775252","95","True"
"850426","95","True"
"530426","95","True"
"627782","0","False"
"1211198","40","True"
"294294","20","True"
"692920","20","True"
"349144","20","True"
"711688","70","True"
"625920","50","True"
"286508","30","True"
"768940","20","True"
"640428","200","True"
"1168910","65","True"
"640426","200","True"
"300466","20","True"
"682060","40","True"
"809216","0","False"
"532140","75","True"
"546832","50","True"
"1260674","0","False"
"288110","50","True"
"388104","20","True"
"742392","30","True"
"1265678","70","True"
"814200","20","True"
"468182","20","True"
"789670","20","True"
"1009622","80","True"
"1164570","200","True"
"686430","125","True"
"1007622","50","True"
"1031648","20","True"
"1069348","20","True"
"181294","20","True"
"780150","50","True"
"922464","45","True"
"855188","20","True"
"855764","40","True"
"699376","20","True"
"192726","20","True"
"358998","45","True"
"525446","0","False"
"638040","100","True"
"502588","20","True"
"1177670","60","True"
"753774","25","True"
"530436","150","True"
"690918","70","True"
"927336","30","True"
"1022032","20","True"
"1101806","30","True"
"1246168","100","True"
"1242692","135","True"
"1185390","80","True"
"700942","60","True"
"804096","30","True"
"733654","30","True"
"994312","20","True"
"902300","0","False"
"522426","200","True"
"550360","20","True"
"314698","80","True"
"960898","195","True"
"1245392","0","False"
"661628","20","True"
"1199928","200","True"
"923902","20","True"
"720300","50","True"
"79120","25","True"
"1106490","35","True"
"424770","95","True"
"22445","0","False"
"581352","30","True"
"874656","0","False"
"1156778","0","False"
"870936","200","True"
"413713","145","True"
"52457","95","True"
"446936","40","True"
"77896","20","True"
"654038","100","True"
"438420","165","True"
"1246636","30","True"
"406424","30","True"
"1243016","100","True"
"1266468","100","True"
"611804","0","False"
"276680","25","True"
"922092","120","True"
"1274846","135","True"
"1093446","35","True"
"1000116","20","True"
"673142","20","True"
"701468","70","True"
"399938","0","False"
"555952","145","True"
"341952","25","True"
"474076","195","True"
"839536","0","False"
"787340","0","False"
"559204","20","True"
"1197810","50","True"
"971260","30","True"
"960326","30","True"
"144222","30","True"
"447210","135","True"
"482208","75","True"
"998580","140","True"
"475214","20","True"
"77532","20","True"
"846214","95","True"
"951912","20","True"
"1132572","0","False"
"660876","0","False"
"837798","25","True"
"834226","95","True"
"750934","50","True"
"770622","70","True"
"1029436","20","True"
"1165588","90","True"
"1226182","45","True"
"978462","100","True"
"585566","50","True"
"805882","95","True"
"413180","30","True"
"1027480","85","True"
"951304","20","True"
"1219814","75","True"
"518870","195","True"
"935108","20","True"
"53549","45","True"
"907408","20","True"
"410974","20","True"
"1035402","55","True"
"991416","20","True"
"472592","115","True"
"140368","20","True"
"366194","20","True"
"939882","20","True"
"631148","50","True"
"885479","150","True"
"783438","25","True"
"49553","45","True"
"506164","20","True"
"280194","35","True"
"711210","20","True"
"905244","185","True"
"637066","20","True"
"785328","20","True"
"744696","30","True"
"220604","20","True"
"699380","20","True"
"787096","95","True"
"793000","20","True"
"803058","25","True"
"494058","200","True"
"1027080","100","True"
"367460","30","True"
"1151342","55","True"
"395140","20","True"
"866796","200","True"
"857144","95","True"
"611370","0","False"
"452092","95","True"
"286424","20","True"
"348116","0","False"
"436568","25","True"
"956002","20","True"
"185500","20","True"
"722176","20","True"
"197610","40","True"
"672112","20","True"
"672086","20","True"
"185538","20","True"
"188604","20","True"
"188584","40","True"
"181268","20","True"
"185526","20","True"
"177472","35","True"
"766320","20","True"
"181264","20","True"
"513846","20","True"
"242176","20","True"
"255604","20","True"
"1049380","65","True"
"1216164","195","True"
"1024800","30","True"
"1262470","65","True"
"1164832","200","True"
"794036","50","True"
"1004512","90","True"
"464184","195","True"
"1126016","95","True"
"482924","100","True"
"738198","50","True"
"768366","20","True"
"632136","155","True"
"663702","20","True"
"558432","45","True"
"628786","90","True"
"133968","45","True"
"938680","20","True"
"691641","75","True"
"801186","40","True"
"906760","20","True"
"705444","40","True"
"601092","40","True"
"1246518","30","True"
"1181652","30","True"
"913768","150","True"
"648350","20","True"
"1161864","100","True"
"374404","20","True"
"967486","150","True"
"496302","20","True"
"1163644","20","True"
"909970","20","True"
"297702","50","True"
"978272","20","True"
"37821","20","True"
"514398","50","True"
"544944","20","True"
"326338","85","True"
"600366","20","True"
"1088924","30","True"
"574194","20","True"
"865634","40","True"
"400130","200","True"
"563708","200","True"
"1228900","200","True"
"178044","200","True"
"933888","180","True"
"516394","195","True"
"1195812","20","True"
"590622","25","True"
"249126","20","True"
"1163768","50","True"
"1131780","20","True"
"909486","25","True"
"368958","20","True"
"201812","20","True"
"484896","20","True"
"553832","20","True"
"452182","20","True"
"490392","100","True"
"1093760","20","True"
"1115504","95","True"
"446022","35","True"
"522784","200","True"
"311846","25","True"
"942768","25","True"
"288850","50","True"
"1068664","55","True"
"1136446","30","True"
"1125728","20","True"
"1228708","20","True"
"1095488","70","True"
"381828","20","True"
"406054","20","True"
"585174","40","True"
"1125814","20","True"
"1105636","20","True"
"327310","20","True"
"1080584","30","True"
"513212","80","True"
"1047750","50","True"
"831640","25","True"
"570188","20","True"
"365926","45","True"
"986832","30","True"
"1077836","20","True"
"872816","30","True"
"518188","20","True"
"726314","20","True"
"883828","25","True"
"826202","180","True"
"1171720","20","True"
"117004","75","True"
"952106","95","True"
"854746","195","True"
"834114","175","True"
"1012262","100","True"
"1091360","35","True"
"808542","125","True"
"1142428","90","True"
"1015308","195","True"
"1114164","20","True"
"635716","135","True"
"374652","20","True"
"727510","100","True"
"579202","20","True"
"699382","20","True"
"20150","20","True"
"895302","30","True"
"403764","60","True"
"145178","20","True"
"1127944","20","True"
"435626","20","True"
"1114470","40","True"
"1143148","50","True"
"640164","20","True"
"1141560","25","True"
"1139792","200","True"
"1221032","25","True"
"1075366","35","True"
"223884","20","True"
"1164488","30","True"
"1122306","20","True"
"177584","50","True"
"586914","20","True"
"397204","20","True"
"58791","50","True"
"1182330","30","True"
"172906","50","True"
"766906","20","True"
"379814","20","True"
"445102","20","True"
"655198","50","True"
"575040","100","True"
"966268","50","True"
"536780","45","True"
"431562","20","True"
"1047408","25","True"
"987865","20","True"
"371900","20","True"
"995384","20","True"
"1252410","20","True"
"1216554","35","True"
"1275872","150","True"
"1133764","20","True"
"1200856","40","True"
"1226332","20","True"
"950894","100","True"
"1245356","20","True"
"1092766","125","True"
"364986","20","True"
"908664","100","True"
"1234108","35","True"
"47004","50","True"
"327666","150","True"
"1068902","50","True"
"1076222","20","True"
"278948","35","True"
"1013676","195","True"
"62497","55","True"
"1182900","20","True"
"1178226","50","True"
"1165268","30","True"
"1133648","30","True"
"471136","25","True"
"63712","35","True"
"1055424","95","True"
"843620","40","True"
"1153326","40","True"
"551964","20","True"
"1104858","50","True"
"517866","20","True"
"1036766","30","True"
"337072","200","True"
"737642","195","True"
"520766","200","True"
"757900","100","True"
"978576","50","True"
"961684","200","True"
"371490","20","True"
"1134692","20","True"
"507726","35","True"
"349586","165","True"
"1153710","20","True"
"1269190","100","True"
"303042","20","True"
"647520","20","True"
"681878","50","True"
"873296","105","True"
"1164720","200","True"
"1019552","35","True"
"1147664","100","True"
"948294","120","True"
"393850","20","True"
"733878","0","False"
"860656","95","True"
"1246252","65","True"
"622122","20","True"
"222976","30","True"
"439968","20","True"
"852060","20","True"
"546848","50","True"
"81278","20","True"
"53556","45","True"
"1158854","20","True"
"68876","35","True"
"514496","20","True"
"649404","40","True"
"108384","20","True"
"753934","30","True"
"206592","25","True"
"15467","55","True"
"983444","100","True"
"74782","25","True"
"456988","20","True"
"1049760","50","True"
"808808","20","True"
"599652","20","True"
"524748","20","True"
"310652","50","True"
"946326","40","True"
"1146166","95","True"
"1190334","80","True"
"895394","20","True"
"1100628","200","True"
"996868","100","True"
"751230","150","True"
"356840","195","True"
"269082","105","True"
"449788","25","True"
"792232","195","True"
"1164876","20","True"
"861444","50","True"
"148982","20","True"
"861742","30","True"
"817074","20","True"
"286160","95","True"
"788722","20","True"
"1008654","40","True"
"964478","50","True"
"953220","50","True"
"64078","20","True"
"1046540","35","True"
"622284","50","True"
"31150","20","True"
"574132","30","True"
"724824","85","True"
"883324","25","True"
"502204","20","True"
"283038","35","True"
"650720","0","False"
"586680","30","True"
"899240","20","True"
"520876","35","True"
"1083784","20","True"
"651352","20","True"
"968268","120","True"
"479760","20","True"
"134690","20","True"
"692918","25","True"
"1092632","65","True"
"753154","20","True"
"46524","20","True"
"634480","45","True"
"771044","100","True"
"497268","20","True"
"435138","20","True"
"334530","40","True"
"904144","40","True"
"397946","20","True"
"561800","20","True"
"810234","20","True"
"559046","20","True"
"338308","25","True"
"477634","50","True"
"913194","25","True"
"429866","20","True"
"632702","200","True"
"429366","35","True"
"433084","20","True"
"185092","20","True"
"395652","85","True"
"943724","40","True"
"546124","25","True"
"876444","195","True"
"893978","35","True"
"1249378","0","False"
"273256","20","True"
"1240730","195","True"
"651014","200","True"
"1236254","75","True"
"1201118","40","True"
"1227748","20","True"
"408118","20","True"
"1258402","20","True"
"489114","195","True"
"16689","25","True"
"1089062","25","True"
"709160","20","True"
"385662","35","True"
"508570","20","True"
"934790","20","True"
"1133716","30","True"
"473474","20","True"
"1143032","25","True"
"121490","20","True"
"339560","20","True"
"659340","20","True"
"835082","40","True"
"335902","20","True"
"441106","20","True"
"624356","30","True"
"456388","20","True"
"955242","20","True"
"496430","20","True"
"793246","20","True"
"547190","20","True"
"696630","0","False"
"643970","20","True"
"801486","150","True"
"455054","30","True"
"1257976","0","False"
"1253224","0","False"
"837722","50","True"
"631416","80","True"
"149728","50","True"
"195576","25","True"
"1048302","40","True"
"560662","20","True"
"661814","70","True"
"640496","30","True"
"1200374","0","False"
"101498","20","True"
"729464","40","True"
"961630","0","False"
"544234","35","True"
"517366","20","True"
"271652","30","True"
"760066","45","True"
"80844","40","True"
"820086","95","True"
"1013558","50","True"
"206332","20","True"
"624662","55","True"
"470472","50","True"
"331970","20","True"
"705890","20","True"
"932804","40","True"
"1101522","35","True"
"760300","45","True"
"636858","20","True"
"371896","50","True"
"636842","30","True"
"564446","20","True"
"925286","100","True"
"324224","50","True"
"1008054","50","True"
"40495","95","True"
"184780","50","True"
"338926","50","True"
"104304","50","True"
"413182","95","True"
"1108666","80","True"
"692658","100","True"
"173776","20","True"
"1254852","0","False"
"637842","50","True"
"953442","120","True"
"648628","80","True"
"670640","40","True"
"403078","50","True"
"174562","50","True"
"396238","100","True"
"20387","50","True"
"646906","100","True"
"783292","75","True"
"515262","50","True"
"147404","20","True"
"260900","55","True"
"563650","40","True"
"743674","40","True"
"71912","75","True"
"1186514","0","False"
"1104494","40","True"
"764534","45","True"
"808292","40","True"
"630734","30","True"
"757284","50","True"
"356060","60","True"
"1045886","40","True"
"939668","70","True"
"873386","0","False"
"933818","40","True"
"624118","200","True"
"149716","115","True"
"585946","50","True"
"876396","55","True"
"263818","50","True"
"759972","45","True"
"893056","35","True"
"326428","50","True"
"769518","20","True"
"806638","0","False"
"467408","40","True"
"567558","40","True"
"854696","40","True"
"1182624","100","True"
"27681","20","True"
"412970","65","True"
"344234","60","True"
"692812","40","True"
"933666","40","True"
"645202","0","False"
"65033","50","True"
"550842","20","True"
"19421","0","False"
"897162","40","True"
"955914","0","False"
"1158690","40","True"
"551170","70","True"
"198690","0","False"
"657518","120","True"
"708696","30","True"
"1007396","175","True"
"505126","75","True"
"574428","20","True"
"602450","35","True"
"895244","50","True"
"342398","120","True"
"552700","70","True"
"175278","50","True"
"101496","0","False"
"365292","200","True"
"42251","85","True"
"446478","150","True"
"132570","20","True"
"288942","35","True"
"1105794","0","False"
"515256","50","True"
"956102","20","True"
"902476","45","True"
"1051856","95","True"
"583752","0","False"
"521072","50","True"
"749686","20","True"
"1010274","200","True"
"998100","50","True"
"1033670","50","True"
"1266892","0","False"
"762374","0","False"
"743634","40","True"
"663810","70","True"
"475914","200","True"
"831294","85","True"
"364716","0","False"
"1105904","25","True"
"242382","20","True"
"783778","20","True"
"773016","40","True"
"672894","40","True"
"1132694","95","True"
"311530","45","True"
"1236562","100","True"
"1000966","50","True"
"782430","50","True"
"777650","20","True"
"138228","35","True"
"1034414","0","False"
"996888","50","True"
"1191750","0","False"
"793234","70","True"
"372416","120","True"
"665278","50","True"
"1170198","45","True"
"1002272","50","True"
"213532","30","True"
"64585","30","True"
"1013762","40","True"
"315576","0","False"
"812914","60","True"
"660690","50","True"
"347104","50","True"
"638204","150","True"
"519694","65","True"
"647336","50","True"
"464844","25","True"
"824044","0","False"
"409818","0","False"
"755198","40","True"
"552650","20","True"
"710420","20","True"
"1000988","50","True"
"384928","200","True"
"392958","25","True"
"515260","55","True"
"555340","0","False"
"603902","50","True"
"217978","0","False"
"238934","200","True"
"456284","200","True"
"1029440","50","True"
"42271","145","True"
"484670","50","True"
"967380","200","True"
"681692","50","True"
"200598","200","True"
"953152","50","True"
"1132342","200","True"
"194692","200","True"
"1119092","150","True"
"902474","45","True"
"920194","45","True"
"666322","200","True"
"1193886","75","True"
"647338","50","True"
"1194244","35","True"
"658816","200","True"
"1009802","50","True"
"353224","50","True"
"938260","100","True"
"907966","50","True"
"997470","50","True"
"993134","60","True"
"41884","0","False"
"888698","40","True"
"1119610","60","True"
"476324","55","True"
"476988","45","True"
"1159988","40","True"
"1034080","50","True"
"659918","70","True"
"422546","95","True"
"1116196","0","False"
"660460","40","True"
"1123250","95","True"
"1003568","95","True"
"1240148","45","True"
"1111630","145","True"
"830568","50","True"
"566678","20","True"
"1170074","75","True"
"517148","200","True"
"206088","200","True"
"995562","50","True"
"59922","20","True"
"76524","50","True"
"971962","50","True"
"972704","25","True"
"993510","50","True"
"1255114","40","True"
"1120410","75","True"
"1048188","30","True"
"970880","95","True"
"1116700","75","True"
"687248","25","True"
"1052180","100","True"
"501412","60","True"
"1032864","115","True"
"574974","95","True"
"1229488","50","True"
"658276","100","True"
"1041176","55","True"
"26956","20","True"
"1098994","45","True"
"917432","200","True"
"983418","75","True"
"648506","50","True"
"1122832","65","True"
"1123184","65","True"
"858064","30","True"
"214328","20","True"
"101500","20","True"
"829962","0","False"
"519212","25","True"
"297930","20","True"
"663710","40","True"
"471328","50","True"
"892898","35","True"
"638100","30","True"
"823860","50","True"
"635570","20","True"
"99324","0","False"
"535650","20","True"
"769270","20","True"
"51752","85","True"
"17922","30","True"
"112314","125","True"
"656364","70","True"
"105350","75","True"
"606494","50","True"
"1217408","0","False"
"1037868","150","True"
"1008098","45","True"
"650836","20","True"
"504168","45","True"
"761584","45","True"
"743884","40","True"
"583224","40","True"
"725906","75","True"
"1146368","25","True"
"589248","40","True"
"584468","20","True"
"807934","0","False"
"532572","20","True"
"53277","20","True"
"670376","0","False"
"1149202","60","True"
"802040","30","True"
"789820","40","True"
"806640","75","True"
"802038","30","True"
"818838","95","True"
"269832","20","True"
"759130","50","True"
"556076","50","True"
"824020","50","True"
"1223570","25","True"
"139792","35","True"
"482334","20","True"
"602812","60","True"
"1036400","195","True"
"866528","50","True"
"471352","50","True"
"744080","40","True"
"620372","65","True"
"214418","20","True"
"619856","50","True"
"839028","30","True"
"771880","95","True"
"228268","35","True"
"944550","50","True"
"839026","30","True"
"838320","20","True"
"838896","50","True"
"812602","95","True"
"190906","35","True"
"1124590","75","True"
"917176","50","True"
"647884","25","True"
"646918","100","True"
"1216752","55","True"
"1193536","25","True"
"430962","20","True"
"631480","30","True"
"970462","0","False"
"852426","20","True"
"430992","20","True"
"733922","25","True"
"608436","20","True"
"217628","50","True"
"631444","50","True"
"935900","50","True"
"713492","35","True"
"218540","50","True"
"211780","50","True"
"217320","20","True"
"387064","20","True"
"219756","50","True"
"1243162","20","True"
"1174974","70","True"
"214828","50","True"
"430994","20","True"
"207408","50","True"
"445118","35","True"
"146852","20","True"
"147754","20","True"
"131512","50","True"
"140168","195","True"
"510098","95","True"
"561774","20","True"
"1102396","40","True"
"1173716","65","True"
"761938","45","True"
"374566","50","True"
"182940","20","True"
"1003250","40","True"
"1190448","20","True"
"647276","75","True"
"26648","20","True"
"264396","20","True"
"153230","20","True"
"601230","50","True"
"326310","100","True"
"398522","80","True"
"773144","40","True"
"324226","50","True"
"888668","20","True"
"301686","30","True"
"151027","40","True"
"269830","20","True"
"315812","50","True"
"373636","50","True"
"1113170","50","True"
"336446","25","True"
"455676","50","True"
"200108","20","True"
"198660","0","False"
"763100","35","True"
"922828","90","True"
"32033","20","True"
"286070","0","False"
"55569","20","True"
"725566","25","True"
"829616","0","False"
"888852","40","True"
"286898","75","True"
"375830","35","True"
"207440","85","True"
"1042382","55","True"
"1114722","40","True"
"1102436","45","True"
"644820","20","True"
"131562","25","True"
"628606","70","True"
"459888","50","True"
"1141614","30","True"
"605074","50","True"
"749616","20","True"
"470482","50","True"
"344348","50","True"
"373556","50","True"
"214794","20","True"
"782458","100","True"
"823494","100","True"
"212492","50","True"
"961774","85","True"
"1261210","200","True"
"211052","50","True"
"597868","20","True"
"218658","50","True"
"1048182","50","True"
"758216","55","True"
"1144780","35","True"
"628798","65","True"
"398224","195","True"
"147174","50","True"
"799912","95","True"
"655958","20","True"
"744034","40","True"
"139790","35","True"
"288854","0","False"
"588264","20","True"
"773156","40","True"
"931152","40","True"
"21080","20","True"
"151120","20","True"
"1236576","40","True"
"139784","35","True"
"486412","35","True"
"459468","50","True"
"663696","20","True"
"933812","40","True"
"149602","50","True"
"277770","100","True"
"552606","95","True"
"459926","50","True"
"1040596","20","True"
"266004","20","True"
"720072","20","True"
"1046768","40","True"
"138336","25","True"
"333046","25","True"
"459207","50","True"
"814474","50","True"
"1104496","40","True"
"188064","50","True"
"578750","35","True"
"184088","50","True"
"1198302","25","True"
"208126","30","True"
"34332","50","True"
"204014","50","True"
"219844","50","True"
"212506","30","True"
"687742","20","True"
"219878","50","True"
"207304","50","True"
"195196","50","True"
"834422","40","True"
"724436","20","True"
"448250","20","True"
"796188","100","True"
"773174","40","True"
"450246","20","True"
"201472","25","True"
"452514","20","True"
"765056","25","True"
"196234","20","True"
"380596","20","True"
"812370","50","True"
"832514","95","True"
"1025536","50","True"
"82960","20","True"
"1207112","105","True"
"457206","50","True"
"589900","20","True"
"854694","40","True"
"861566","20","True"
"1244302","50","True"
"349142","50","True"
"56970","20","True"
"762482","35","True"
"100916","20","True"
"869312","30","True"
"721274","60","True"
"719920","20","True"
"846962","50","True"
"206986","25","True"
"813142","50","True"
"701662","20","True"
"90132","35","True"
"815182","50","True"
"476000","115","True"
"762240","35","True"
"810576","50","True"
"188498","50","True"
"1144288","20","True"
"180680","50","True"
"1031698","20","True"
"62252","20","True"
"1113008","20","True"
"807494","80","True"
"761122","45","True"
"12214","50","True"
"344180","25","True"
"185266","50","True"
"1076244","60","True"
"1036338","40","True"
"266682","35","True"
"615226","195","True"
"963094","40","True"
"742096","45","True"
"648492","50","True"
"222062","40","True"
"103662","20","True"
"742764","40","True"
"856950","50","True"
"902480","45","True"
"263846","50","True"
"1160066","175","True"
"625974","45","True"
"782460","50","True"
"147104","40","True"
"1189926","55","True"
"1143414","20","True"
"1066002","40","True"
"767400","40","True"
"492954","20","True"
"1129652","20","True"
"13216","35","True"
"760452","40","True"
"1152334","50","True"
"214770","20","True"
"1134842","20","True"
"139772","35","True"
"171598","20","True"
"854692","40","True"
"805706","30","True"
"618586","50","True"
"205764","20","True"
"762648","35","True"
"245722","40","True"
"53157","20","True"
"932842","40","True"
"883138","180","True"
"139788","35","True"
"951608","80","True"
"975626","40","True"
"1104492","40","True"
"1196538","0","False"
"184324","50","True"
"139794","35","True"
"582390","20","True"
"132950","20","True"
"845518","50","True"
"835616","20","True"
"101504","20","True"
"594852","20","True"
"806642","75","True"
"809492","50","True"
"785210","95","True"
"339382","20","True"
"963664","60","True"
"632234","20","True"
"594854","20","True"
"974704","60","True"
"545036","40","True"
"388712","20","True"
"383852","25","True"
"459946","50","True"
"994050","40","True"
"899702","50","True"
"1111562","40","True"
"320238","30","True"
"818786","95","True"
"741388","40","True"
"629704","35","True"
"839032","30","True"
"23683","20","True"
"912254","50","True"
"839030","30","True"
"619610","50","True"
"106358","20","True"
"742300","40","True"
"636846","20","True"
"741316","40","True"
"681390","30","True"
"1195742","95","True"
"794398","20","True"
"1232728","20","True"
"721202","20","True"
"1058262","20","True"
"132878","20","True"
"944804","135","True"
"939636","135","True"
"730702","25","True"
"993892","25","True"
"1026760","130","True"
"1223240","20","True"
"1026762","125","True"
"1234656","20","True"
"1214670","20","True"
"1272282","20","True"
"1224186","35","True"
"1265814","20","True"
"1104500","40","True"
"99946","20","True"
"632488","40","True"
"41890","85","True"
"385684","0","False"
"559438","20","True"
"760698","35","True"
"427066","25","True"
"444644","50","True"
"743846","45","True"
"741172","40","True"
"618396","20","True"
"1216340","20","True"
"787686","0","False"
"566856","0","False"
"592122","0","False"
"968026","0","False"
"778682","20","True"
"988678","170","True"
"1193950","85","True"
"592606","100","True"
"1232356","50","True"
"966522","60","True"
"1223310","50","True"
"933814","40","True"
"618334","20","True"
"812610","95","True"
"23861","20","True"
"1191088","0","False"
"22825","200","True"
"568322","25","True"
"1146288","30","True"
"618370","20","True"
"200722","20","True"
"809968","95","True"
"664764","40","True"
"854690","40","True"
"201894","20","True"
"743970","40","True"
"210020","50","True"
"263672","195","True"
"411986","30","True"
"139778","35","True"
"933816","40","True"
"676432","20","True"
"42255","25","True"
"112602","25","True"
"607360","20","True"
"521440","0","False"
"198692","45","True"
"825186","20","True"
"743932","40","True"
"586490","40","True"
"459804","50","True"
"199500","30","True"
"644654","180","True"
"146450","20","True"
"441996","200","True"
"1065198","20","True"
"1103526","50","True"
"211714","20","True"
"213984","50","True"
"217540","50","True"
"212438","50","True"
"212520","50","True"
"1150468","55","True"
"218596","50","True"
"513528","20","True"
"211026","50","True"
"847808","20","True"
"218856","50","True"
"214218","20","True"
"28295","75","True"
"19603","50","True"
"889438","50","True"
"197836","60","True"
"505208","20","True"
"1086834","40","True"
"1094964","50","True"
"965870","150","True"
"965528","200","True"
"1078208","40","True"
"642410","195","True"
"785388","25","True"
"1146014","200","True"
"8325","20","True"
"987064","95","True"
"94428","40","True"
"159070","20","True"
"920306","20","True"
"1089744","40","True"
"16646","50","True"
"678142","100","True"
"948440","40","True"
"924704","200","True"
"1027342","200","True"
"1009452","190","True"
"1247828","120","True"
"886300","110","True"
"1009254","165","True"
"1078522","60","True"
"1002030","65","True"
"818990","200","True"
"520116","150","True"
"1252318","85","True"
"427530","60","True"
"670034","200","True"
"1052118","195","True"
"575880","195","True"
"669270","100","True"
"1103954","20","True"
"1017568","195","True"
"1111844","60","True"
"736940","95","True"
"647442","150","True"
"1073793","100","True"
"176432","20","True"
"158934","20","True"
"73080","120","True"
"1256136","20","True"
"1124970","175","True"
"771198","60","True"
"391546","70","True"
"629088","20","True"
"1006894","50","True"
"579338","100","True"
"945320","100","True"
"64605","100","True"
"897146","75","True"
"989452","80","True"
"917724","75","True"
"970874","195","True"
"911474","150","True"
"425910","125","True"
"842058","145","True"
"1250824","50","True"
"937134","100","True"
"796010","20","True"
"752658","115","True"
"560990","75","True"
"1260288","20","True"
"918870","50","True"
"1027016","200","True"
"283014","135","True"
"787236","95","True"
"1134390","200","True"
"883000","150","True"
"938560","195","True"
"991290","200","True"
"1165096","80","True"
"1045942","150","True"
"860812","120","True"
"1070976","195","True"
"939962","65","True"
"874960","20","True"
"28295","75","True"
"24334","20","True"
"997814","200","True"
"641868","25","True"
"1042110","200","True"
"883002","50","True"
"1128050","200","True"
"1218130","80","True"
"1123098","150","True"
"47963","195","True"
"671552","100","True"
"1002676","60","True"
"481002","50","True"
"628222","0","False"
"1122224","0","False"
"357726","0","False"
"162274","0","False"
"555122","100","True"
"708674","0","False"
"1127048","20","True"
"651032","30","True"
"98066","20","True"
"910838","40","True"
"125162","50","True"
"50587","75","True"
"1004788","20","True"
"959200","65","True"
"810550","20","True"
"473160","0","False"
"904076","200","True"
"842728","195","True"
"314462","0","False"
"783748","20","True"
"161986","50","True"
"823236","20","True"
"936504","40","True"
"380092","40","True"
"884946","0","False"
"98140","20","True"
"637974","50","True"
"219838","50","True"
"749560","120","True"
"751100","195","True"
"446736","95","True"
"200854","50","True"
"470288","0","False"
"178640","50","True"
"412952","50","True"
"1033944","0","False"
"1198654","200","True"
"1171966","200","True"
"833398","150","True"
"140238","200","True"
"875194","100","True"
"991630","50","True"
"303514","60","True"
"134144","95","True"
"1115222","30","True"
"94430","30","True"
"788514","150","True"
"629142","200","True"
"992114","20","True"
"379722","50","True"
"1189288","200","True"
"652438","195","True"
"1052304","195","True"
"1223012","195","True"
"882488","95","True"
"1033686","55","True"
"723522","195","True"
"1181900","200","True"
"945336","100","True"
"1079370","20","True"
"23742","35","True"
"266252","60","True"
"473548","200","True"
"920544","20","True"
"993754","195","True"
"1155262","195","True"
"997964","195","True"
"812588","195","True"
"531954","40","True"
"1022582","195","True"
"1049092","175","True"
"1277924","40","True"
"964732","95","True"
"947120","115","True"
"712960","50","True"
"267560","0","False"
"763774","0","False"
"929016","200","True"
"281690","20","True"
"399228","200","True"
"1023062","0","False"
"933260","20","True"
"494078","195","True"
"1158572","0","False"
"629082","85","True"
"1093734","200","True"
"99986","20","True"
"566248","150","True"
"556248","195","True"
"582392","95","True"
"582636","150","True"
"661802","95","True"
"1139400","95","True"
"729552","50","True"
"499632","75","True"
"959586","195","True"
"16151","20","True"
"856490","95","True"
"861528","50","True"
"912996","30","True"
"559512","195","True"
"922600","20","True"
"976284","100","True"
"976598","200","True"
"718426","100","True"
"304490","35","True"
"15285","20","True"
"477702","150","True"
"875882","25","True"
"861122","75","True"
"309370","40","True"
"802268","20","True"
"1034520","95","True"
"1016536","140","True"
"711592","50","True"
"1065250","0","False"
"928858","70","True"
"791030","100","True"
"1241518","30","True"
"944886","25","True"
"758582","150","True"
"1199774","115","True"
"390866","190","True"
"1014776","85","True"
"929130","200","True"
"746014","195","True"
"11475","100","True"
"11174","120","True"
"945978","50","True"
"1019276","200","True"
"1252630","100","True"
"1000010","200","True"
"937586","200","True"
"79154","200","True"
"328476","195","True"
"921474","195","True"
"82778","50","True"
"907386","40","True"
"877124","200","True"
"1169378","30","True"
"30240","50","True"
"836044","150","True"
"405818","100","True"
"665042","100","True"
"1068590","0","False"
"1203894","0","False"
"994634","50","True"
"765916","60","True"
"128950","0","False"
"549064","30","True"
"400280","45","True"
"382856","0","False"
"958982","25","True"
"1113036","0","False"
"226534","0","False"
"738726","20","True"
"64422","200","True"
"874166","100","True"
"1197650","50","True"
"912946","40","True"
"876544","20","True"
"1205894","50","True"
"19332","20","True"
"863954","30","True"
"789324","200","True"
"1229274","200","True"
"906700","40","True"
"113706","35","True"
"604044","20","True"
"531290","30","True"
"436210","45","True"
"617158","25","True"
"1121580","20","True"
"782192","200","True"
"978728","200","True"
"65493","100","True"
"32649","50","True"
"1225030","200","True"
"903140","195","True"
"372518","195","True"
"1045862","30","True"
"99826","200","True"
"1236746","200","True"
"1110756","20","True"
"595728","200","True"
"1231872","35","True"
"876850","100","True"
"113518","75","True"
"1111552","20","True"
"834924","30","True"
"764042","60","True"
"821526","20","True"
"838418","40","True"
"342084","40","True"
"669536","100","True"
"511378","100","True"
"553582","20","True"
"566920","20","True"
"406820","45","True"
"636418","195","True"
"986442","180","True"
"996320","200","True"
"936182","50","True"
"905850","200","True"
"547298","20","True"
"294794","0","False"
"615920","25","True"
"955818","50","True"
"65330","0","False"
"173548","0","False"
"1183094","20","True"
"738360","20","True"
"650328","120","True"
"69414","20","True"
"500628","20","True"
"384078","20","True"
"451938","25","True"
"657710","35","True"
"977516","150","True"
"997750","200","True"
"316704","20","True"
"106178","50","True"
"1062686","20","True"
"1082996","95","True"
"629044","20","True"
"476408","100","True"
"1124244","20","True"
"217010","50","True"
"576694","100","True"
"527952","100","True"
"745306","60","True"
"941998","165","True"
"674608","195","True"
"1204208","195","True"
"957422","65","True"
"511838","100","True"
"621022","50","True"
"30318","50","True"
"1270392","35","True"
"991094","195","True"
"695656","195","True"
"1174446","35","True"
"1267892","200","True"
"1149334","40","True"
"1109150","145","True"
"445534","20","True"
"987666","50","True"
"1134330","70","True"
"983534","50","True"
"563248","100","True"
"1140532","200","True"
"701636","75","True"
"797832","20","True"
"41295","0","False"
"413494","25","True"
"911318","0","False"
"197828","0","False"
"576646","60","True"
"984072","20","True"
"709180","115","True"
"188692","0","False"
"683606","125","True"
"429364","0","False"
"1012096","195","True"
"1016388","50","True"
"978852","95","True"
"1148342","80","True"
"1199780","20","True"
"648118","75","True"
"863812","100","True"
"752432","195","True"
"639848","20","True"
"942366","50","True"
"1103448","30","True"
"945602","200","True"
"446608","70","True"
"866384","95","True"
"678150","0","False"
"980114","40","True"
"17887","25","True"
"465210","200","True"
"967422","35","True"
"708558","0","False"
"783686","20","True"
"551072","50","True"
"1004008","100","True"
"344224","40","True"
"235104","20","True"
"598970","20","True"
"543346","50","True"
"575644","0","False"
"877036","60","True"
"691760","65","True"
"579182","25","True"
"1071060","125","True"
"235990","35","True"
"469678","40","True"
"708514","95","True"
"601260","95","True"
"687642","35","True"
"654422","20","True"
"902748","45","True"
"634754","65","True"
"1112844","20","True"
"1026206","25","True"
"484872","50","True"
"773824","50","True"
"846578","20","True"
"358508","20","True"
"975060","115","True"
"904818","50","True"
"472526","40","True"
"241590","20","True"
"1182108","20","True"
"1156648","30","True"
"642696","95","True"
"1121696","20","True"
"389240","30","True"
"297044","50","True"
"462668","20","True"
"565282","195","True"
"1011550","20","True"
"409618","20","True"
"1226008","95","True"
"1211960","120","True"
"1169848","50","True"
"896858","100","True"
"696016","200","True"
"993148","195","True"
"1145206","150","True"
"534376","75","True"
"570416","200","True"
"1017116","200","True"
"1243474","115","True"
"732556","20","True"
"426196","125","True"
"747552","150","True"
"556922","40","True"
"1147064","20","True"
"651780","65","True"
"944906","40","True"
"674646","75","True"
"673420","170","True"
"584758","20","True"
"1189280","125","True"
"543090","45","True"
"611308","200","True"
"959604","195","True"
"540724","0","False"
"1089652","200","True"
"1049344","0","False"
"786494","20","True"
"611518","20","True"
"956888","50","True"
"188828","0","False"
"382258","100","True"
"955138","35","True"
"1085064","35","True"
"1038786","195","True"
"512000","20","True"
"1148412","50","True"
"1254172","95","True"
"1105778","40","True"
"1240522","25","True"
"903526","20","True"
"53256","75","True"
"1030440","20","True"
"947498","50","True"
"761768","200","True"
"173134","200","True"
"881210","80","True"
"1140232","125","True"
"767656","20","True"
"671960","20","True"
"686764","60","True"
"862478","30","True"
"834600","20","True"
"690788","20","True"
"854756","55","True"
"1023668","200","True"
"482404","195","True"
"624578","75","True"
"753940","35","True"
"862428","50","True"
"739770","20","True"
"599532","0","False"
"270808","60","True"
"106156","120","True"
"589342","25","True"
"37684","75","True"
"964118","40","True"
"212374","0","False"
"970252","45","True"
"465870","0","False"
"442504","20","True"
"1121650","0","False"
"737758","30","True"
"72262","100","True"
"443746","175","True"
"416282","95","True"
"645714","40","True"
"929260","20","True"
"683394","20","True"
"311916","50","True"
"1009166","185","True"
"947116","20","True"
"835712","50","True"
"954036","45","True"
"745120","200","True"
"797040","200","True"
"795278","100","True"
"8324","20","True"
"756914","0","False"
"405840","100","True"
"899534","40","True"
"570848","40","True"
"714678","20","True"
"791610","50","True"
"631472","65","True"
"856530","35","True"
"530092","95","True"
"1211160","25","True"
"977470","95","True"
"504316","20","True"
"389018","20","True"
"937206","75","True"
"739090","110","True"
"720144","30","True"
"365816","145","True"
"977474","95","True"
"481696","200","True"
"978850","50","True"
"825354","50","True"
"822670","100","True"
"65492","20","True"
"1051672","25","True"
"688968","50","True"
"495484","195","True"
"398456","50","True"
"615084","20","True"
"492818","20","True"
"1055322","100","True"
"1112604","200","True"
"424864","70","True"
"516062","20","True"
"92760","20","True"
"1064104","200","True"
"900434","200","True"
"609992","145","True"
"77642","100","True"
"269006","20","True"
"151956","195","True"
"908996","200","True"
"269638","150","True"
"452684","100","True"
"844458","140","True"
"403604","40","True"
"549094","20","True"
"59014","0","False"
"45941","150","True"
"851868","200","True"
"814206","50","True"
"590406","20","True"
"680180","40","True"
"899492","20","True"
"1056848","95","True"
"846412","50","True"
"336938","0","False"
"375136","0","False"
"602218","95","True"
"1022682","45","True"
"968304","40","True"
"180547","50","True"
"1178762","200","True"
"641236","40","True"
"130168","100","True"
"1002210","200","True"
"1076424","50","True"
"968278","35","True"
"50528","200","True"
"1075808","45","True"
"560996","100","True"
"654680","75","True"
"975906","95","True"
"951060","75","True"
"1142202","195","True"
"159760","95","True"
"30243","75","True"
"566910","20","True"
"783158","40","True"
"554384","95","True"
"1027812","20","True"
"607048","80","True"
"704732","20","True"
"574876","100","True"
"803378","150","True"
"715516","120","True"
"101864","200","True"
"682484","75","True"
"657734","195","True"
"797038","170","True"
"1099956","150","True"
"1211800","20","True"
"958750","75","True"
"515188","20","True"
"1172740","90","True"
"846832","50","True"
"943306","110","True"
"11153","50","True"
"147908","75","True"
"688092","50","True"
"1047968","145","True"
"585496","100","True"
"911712","20","True"
"803074","20","True"
"200742","20","True"
"1072248","85","True"
"143028","50","True"
"173888","115","True"
"361620","200","True"
"418386","45","True"
"212398","55","True"
"1097778","30","True"
"653852","55","True"
"598516","20","True"
"900794","20","True"
"564546","50","True"
"516064","25","True"
"1024844","145","True"
"631754","40","True"
"142666","0","False"
"440006","20","True"
"857270","0","False"
"370752","0","False"
"651990","20","True"
"923146","100","True"
"295843","0","False"
"1170690","0","False"
"603408","20","True"
"578900","75","True"
"997916","140","True"
"856526","40","True"
"993146","95","True"
"63612","200","True"
"745468","95","True"
"986406","150","True"
"593544","100","True"
"1128560","105","True"
"242574","20","True"
"1109736","200","True"
"982860","95","True"
"859936","150","True"
"532008","95","True"
"783746","20","True"
"595818","50","True"
"774910","200","True"
"447136","20","True"
"525034","75","True"
"769314","20","True"
"574082","75","True"
"770526","40","True"
"510784","20","True"
"551702","20","True"
"311638","35","True"
"631128","110","True"
"246154","100","True"
"967058","195","True"
"548278","200","True"
"1004134","150","True"
"1025026","195","True"
"1251786","70","True"
"687466","75","True"
"369662","150","True"
"318638","60","True"
"231176","50","True"
"1115348","195","True"
"34882","20","True"
"537008","100","True"
"806020","20","True"
"1253650","25","True"
"1023070","80","True"
"778226","100","True"
"1217948","200","True"
"1027276","90","True"
"531360","175","True"
"958132","50","True"
"368340","120","True"
"584786","95","True"
"584522","195","True"
"56259","25","True"
"402508","50","True"
"1013380","30","True"
"961996","40","True"
"551962","35","True"
"520870","40","True"
"592352","20","True"
"676554","50","True"
"19422","35","True"
"994362","0","False"
"593128","0","False"
"1053406","20","True"
"580466","195","True"
"857162","60","True"
"1107524","195","True"
"653846","195","True"
"1090788","40","True"
"1210652","200","True"
"306556","90","True"
"420652","75","True"
"866460","195","True"
"949282","195","True"
"994740","30","True"
"926206","195","True"
"1075662","30","True"
"606756","50","True"
"1013314","100","True"
"859422","40","True"
"1035923","30","True"
"1035940","120","True"
"30911","50","True"
"1063722","50","True"
"125806","20","True"
"1101204","85","True"
"76052","50","True"
"886614","110","True"
"1241254","145","True"
"822444","200","True"
"904462","50","True"
"1144726","190","True"
"970600","110","True"
"756150","190","True"
"80940","145","True"
"405282","200","True"
"383204","100","True"
"519442","195","True"
"714724","30","True"
"791414","55","True"
"661774","50","True"
"597256","35","True"
"380582","95","True"
"572268","50","True"
"704582","45","True"
"981600","30","True"
"537282","45","True"
"1204590","150","True"
"128946","0","False"
"895040","50","True"
"955194","40","True"
"1000574","150","True"
"1200530","50","True"
"995016","190","True"
"1208638","160","True"
"851712","195","True"
"833442","150","True"
"719002","150","True"
"832862","140","True"
"625204","200","True"
"164554","75","True"
"764164","200","True"
"446134","200","True"
"701634","0","False"
"866696","0","False"
"720356","195","True"
"1107986","125","True"
"772618","0","False"
"542254","100","True"
"928040","145","True"
"369132","145","True"
"777654","0","False"
"1161118","0","False"
"267286","35","True"
"1093608","200","True"
"289230","175","True"
"364426","175","True"
"1039062","75","True"
"437398","195","True"
"861624","80","True"
"461160","195","True"
"947098","110","True"
"781532","140","True"
"705264","180","True"
"1145430","120","True"
"806922","190","True"
"1109926","150","True"
"1134456","0","False"
"552598","0","False"
"56585","20","True"
"674040","195","True"
"19260","20","True"
"944156","30","True"
"742712","35","True"
"1193538","175","True"
"228934","95","True"
"65355","50","True"
"814848","50","True"
"1021594","40","True"
"548068","0","False"
"738552","20","True"
"128384","30","True"
"610202","120","True"
"856968","0","False"
"352774","85","True"
"130694","20","True"
"1179104","200","True"
"425084","60","True"
"1016650","40","True"
"1152012","35","True"
"673196","145","True"
"519952","200","True"
"846156","200","True"
"599504","120","True"
"710486","20","True"
"766592","0","False"
"859446","35","True"
"450068","20","True"
"130064","0","False"
"382786","0","False"
"94432","0","False"
"688872","75","True"
"297390","0","False"
"495678","100","True"
"988982","0","False"
"722754","60","True"
"563668","0","False"
"661878","30","True"
"1160196","35","True"
"335280","60","True"
"957362","45","True"
"688874","65","True"
"343816","55","True"
"1127988","0","False"
"1079624","0","False"
"746790","20","True"
"1106646","0","False"
"647564","55","True"
"963378","30","True"
"1239022","0","False"
"650222","30","True"
"565384","20","True"
"784544","0","False"
"340844","0","False"
"1227322","0","False"
"792703","50","True"
"1246622","0","False"
"679158","200","True"
"808622","0","False"
"1248974","0","False"
"1090870","0","False"
"1041426","0","False"
"909244","95","True"
"1102962","0","False"
"405926","0","False"
"186096","195","True"
"832478","95","True"
"708578","0","False"
"667992","125","True"
"1050632","0","False"
"380178","0","False"
"924216","175","True"
"1038538","85","True"
"421018","75","True"
"768612","20","True"
"764076","0","False"
"59535","0","False"
"1063430","165","True"
"967424","35","True"
"520302","80","True"
"774648","50","True"
"1116366","0","False"
"523312","100","True"
"884988","80","True"
"1211366","0","False"
"904890","20","True"
"255878","20","True"
"1052518","145","True"
"824412","100","True"
"425086","85","True"
"420982","195","True"
"552594","30","True"
"477250","25","True"
"1075570","200","True"
"92194","50","True"
"699618","0","False"
"467426","200","True"
"1166070","0","False"
"1005610","20","True"
"922750","25","True"
"1201054","0","False"
"177912","50","True"
"596192","0","False"
"1031780","55","True"
"511934","0","False"
"1194232","200","True"
"1131732","30","True"
"693726","95","True"
"365426","20","True"
"260444","20","True"
"12975","200","True"
"499904","30","True"
"733694","25","True"
"818958","35","True"
"374590","0","False"
"982328","30","True"
"511942","120","True"
"1024888","0","False"
"740762","60","True"
"646056","0","False"
"545524","20","True"
"1270222","200","True"
"340362","60","True"
"782194","100","True"
"707962","0","False"
"1178394","0","False"
"1084894","0","False"
"364616","0","False"
"990532","75","True"
"933110","20","True"
"1158836","100","True"
"70640","195","True"
"1176460","45","True"
"736250","75","True"
"617886","35","True"
"934570","95","True"
"760306","100","True"
"780058","25","True"
"828042","195","True"
"473338","95","True"
"14571","50","True"
"713098","20","True"
"701570","195","True"
"1198704","200","True"
"807874","50","True"
"607056","90","True"
"587902","90","True"
"963412","120","True"
"552198","200","True"
"916902","195","True"
"778112","120","True"
"26845","50","True"
"460056","55","True"
"641732","85","True"
"417914","55","True"
"707682","195","True"
"913966","20","True"
"684794","40","True"
"326326","50","True"
"436496","0","False"
"525114","85","True"
"709460","20","True"
"413618","25","True"
"821788","40","True"
"392836","20","True"
"1115126","45","True"
"348920","95","True"
"1114060","0","False"
"778084","0","False"
"1176686","0","False"
"744618","25","True"
"473622","125","True"
"470412","50","True"
"758208","80","True"
"505780","45","True"
"568524","25","True"
"890810","0","False"
"332252","200","True"
"431576","50","True"
"1115128","45","True"
"716310","0","False"
"467186","150","True"
"212376","0","False"
"496006","45","True"
"756050","50","True"
"592594","200","True"
"520308","200","True"
"494510","40","True"
"212624","0","False"
"1259422","65","True"
"326244","45","True"
"573716","35","True"
"1172166","195","True"
"1021834","95","True"
"1210098","20","True"
"288466","200","True"
"581256","20","True"
"1189508","40","True"
"863976","50","True"
"681514","200","True"
"864482","40","True"
"339086","60","True"
"639654","0","False"
"60792","0","False"
"1054814","0","False"
"948204","30","True"
"1191946","0","False"
"82412","200","True"
"986742","145","True"
"18448","50","True"
"552258","200","True"
"1020722","40","True"
"752706","0","False"
"633606","20","True"
"461176","95","True"
"1030774","50","True"
"221920","50","True"
"372442","20","True"
"851560","40","True"
"755932","50","True"
"1031620","20","True"
"416738","35","True"
"576108","20","True"
"971022","35","True"
"966794","25","True"
"1200874","195","True"
"780056","100","True"
"1274210","200","True"
"615106","200","True"
"1023196","25","True"
"1249968","100","True"
"565000","50","True"
"760752","150","True"
"419318","100","True"
"482834","195","True"
"1090194","20","True"
"561136","75","True"
"41356","95","True"
"946310","30","True"
"661780","75","True"
"563020","40","True"
"772224","35","True"
"967410","40","True"
"1007766","65","True"
"837950","0","False"
"737468","0","False"
"394832","0","False"
"384318","100","True"
"294408","0","False"
"564268","50","True"
"368786","30","True"
"1036170","20","True"
"311538","0","False"
"825752","20","True"
"56513","200","True"
"921560","95","True"
"366608","85","True"
"527834","20","True"
"287010","55","True"
"1019918","25","True"
"442580","50","True"
"388286","50","True"
"368679","85","True"
"909836","0","False"
"328960","120","True"
"407796","20","True"
"637840","40","True"
"954948","0","False"
"806536","125","True"
"947204","50","True"
"468726","75","True"
"697798","50","True"
"30261","200","True"
"730542","0","False"
"524248","100","True"
"1037666","40","True"
"726290","120","True"
"602702","50","True"
"309820","0","False"
"1163894","50","True"
"320798","20","True"
"611688","20","True"
"495958","200","True"
"652376","20","True"
"846210","0","False"
"313484","20","True"
"883706","0","False"
"1039596","125","True"
"826366","95","True"
"488220","105","True"
"1012040","100","True"
"669346","20","True"
"123566","50","True"
"628876","20","True"
"378924","40","True"
"869448","25","True"
"1207382","0","False"
"628430","95","True"
"882128","195","True"
"149042","20","True"
"513958","200","True"
"769390","30","True"
"830834","150","True"
"1203040","60","True"
"564366","200","True"
"1124280","20","True"
"1135712","195","True"
"823996","50","True"
"260756","200","True"
"533416","20","True"
"672090","40","True"
"873844","50","True"
"628356","50","True"
"362360","95","True"
"961508","95","True"
"1250934","100","True"
"58653","50","True"
"152244","35","True"
"591116","95","True"
"969170","35","True"
"572270","60","True"
"653754","65","True"
"1034636","200","True"
"169144","20","True"
"507992","200","True"
"554570","20","True"
"284076","20","True"
"1031626","20","True"
"399640","20","True"
"50522","20","True"
"800148","200","True"
"976854","200","True"
"529028","50","True"
"563880","20","True"
"288258","20","True"
"137650","30","True"
"858762","25","True"
"113888","50","True"
"25615","20","True"
"352748","85","True"
"656522","20","True"
"253246","75","True"
"690966","20","True"
"655298","40","True"
"910624","50","True"
"735796","20","True"
"873824","50","True"
"642940","20","True"
"422012","85","True"
"897314","65","True"
"1008246","50","True"
"576722","0","False"
"811452","0","False"
"990284","20","True"
"212394","55","True"
"845794","40","True"
"1009236","50","True"
"835346","145","True"
"973932","95","True"
"1227578","200","True"
"954710","40","True"
"525818","95","True"
"1170920","100","True"
"826568","95","True"
"665686","50","True"
"969348","30","True"
"599628","120","True"
"403106","20","True"
"145812","20","True"
"1115132","45","True"
"935014","20","True"
"616818","25","True"
"264790","0","False"
"943386","30","True"
"576054","150","True"
"392526","40","True"
"258886","90","True"
"155640","0","False"
"261148","20","True"
"939536","20","True"
"368908","30","True"
"709324","200","True"
"366720","0","False"
"554136","75","True"
"455680","95","True"
"667744","50","True"
"975916","185","True"
"1159822","20","True"
"1018530","40","True"
"516790","25","True"
"1079078","0","False"
"919354","200","True"
"1248172","125","True"
"949134","200","True"
"833182","35","True"
"654832","45","True"
"895096","20","True"
"459922","20","True"
"577796","25","True"
"747650","20","True"
"761770","100","True"
"723878","30","True"
"1036028","150","True"
"1115064","45","True"
"21386","0","False"
"968292","40","True"
"523216","30","True"
"270976","0","False"
"679992","50","True"
"330900","20","True"
"667122","20","True"
"865438","150","True"
"775618","100","True"
"1088178","25","True"
"635248","40","True"
"905096","50","True"
"297602","45","True"
